Draw Date,Winning Numbers,Jackpot Prize (Php)
"Dec 31, 2024",11-40-20-12-19-01,"290,664,568.00"
"Dec 29, 2024",37-45-05-03-30-56,"281,445,485.60"
"Dec 27, 2024",55-21-02-19-28-15,"270,763,112.80"
"Dec 24, 2024",38-13-14-06-17-51,"259,406,932.80"
"Dec 22, 2024",42-20-04-48-06-49,"251,299,365.20"
"Dec 20, 2024",10-37-17-28-35-32,"241,473,228.00"
"Dec 17, 2024",04-32-55-28-05-34,"231,449,016.00"
"Dec 15, 2024",31-25-13-05-26-10,"222,828,140.00"
"Dec 13, 2024",56-52-58-36-45-44,"214,147,155.60"
"Dec 10, 2024",28-09-51-46-43-18,"204,948,537.60"
"Dec 8, 2024",44-05-30-50-29-57,"197,188,438.00"
"Dec 6, 2024",18-47-03-05-39-44,"189,217,939.20"
"Dec 3, 2024",12-06-45-07-51-01,"180,441,043.60"
"Dec 1, 2024",45-37-56-07-35-24,"172,887,242.40"
"Nov 29, 2024",16-32-12-55-23-05,"165,219,542.80"
"Nov 26, 2024",05-51-29-07-52-44,"157,279,773.60"
"Nov 24, 2024",31-56-15-51-30-14,"150,367,501.20"
"Nov 22, 2024",22-06-31-34-17-05,"143,013,966.00"
"Nov 19, 2024",18-02-36-33-49-05,"135,367,602.00"
"Nov 17, 2024",14-01-33-58-20-28,"128,756,395.20"
"Nov 15, 2024",06-07-26-17-24-56,"122,677,993.20"
"Nov 12, 2024",10-22-11-05-38-40,"115,983,208.40"
"Nov 10, 2024",51-26-24-46-43-27,"111,695,351.20"
"Nov 8, 2024",37-36-40-25-08-32,"106,832,642.80"
"Nov 5, 2024",42-58-37-51-02-38,"101,900,031.60"
"Nov 3, 2024",57-58-15-24-53-36,"98,071,602.00"
"Nov 1, 2024",27-05-22-02-45-26,"93,646,473.00"
"Oct 29, 2024",30-38-08-19-57-09,"90,000,000.00"
"Oct 27, 2024",07-24-13-16-10-02,"321,384,493.20"
"Oct 25, 2024",15-05-13-37-56-57,"311,001,923.20"
"Oct 22, 2024",57-26-13-02-15-46,"300,921,452.80"
"Oct 20, 2024",42-13-38-56-28-26,"292,063,826.00"
"Oct 18, 2024",30-25-47-09-53-40,"282,500,496.40"
"Oct 15, 2024",01-22-20-17-30-44,"272,246,771.60"
"Oct 13, 2024",57-39-49-31-19-14,"263,618,490.40"
"Oct 11, 2024",04-17-39-14-38-10,"254,515,656.00"
"Oct 8, 2024",18-37-17-40-34-57,"244,874,068.00"
"Oct 6, 2024",16-13-53-09-41-49,"236,636,810.40"
"Oct 4, 2024",46-19-11-40-41-16,"228,127,654.80"
"Oct 1, 2024",30-39-13-40-14-22,"219,571,208.00"
"Sep 29, 2024",20-40-26-46-38-01,"211,813,673.60"
"Sep 27, 2024",11-08-29-58-30-53,"203,862,165.20"
"Sep 24, 2024",24-22-32-45-48-43,"195,999,171.60"
"Sep 22, 2024",24-56-08-52-04-36,"189,422,782.00"
"Sep 20, 2024",34-01-31-26-28-55,"182,375,680.40"
"Sep 17, 2024",20-42-47-41-49-27,"175,133,931.60"
"Sep 15, 2024",31-22-19-43-37-05,"168,722,286.80"
"Sep 13, 2024",17-30-50-45-20-15,"161,905,419.60"
"Sep 10, 2024",22-33-25-17-58-42,"155,046,536.80"
"Sep 8, 2024",24-55-30-19-40-10,"148,974,356.40"
"Sep 6, 2024",53-45-18-41-40-13,"142,668,861.60"
"Sep 3, 2024",03-15-38-34-04-10,"135,966,376.80"
"Sep 1, 2024",06-56-41-33-35-17,"130,468,867.20"
"Aug 30, 2024",41-44-52-08-03-40,"124,387,966.00"
"Aug 27, 2024",40-53-24-45-50-10,"118,007,420.20"
"Aug 25, 2024",09-02-51-05-06-42,"112,627,399.60"
"Aug 23, 2024",39-46-07-23-45-44,"107,123,131.60"
"Aug 20, 2024",39-46-57-37-45-50,"101,042,256.80"
"Aug 18, 2024",32-52-29-48-31-07,"96,264,094.00"
"Aug 16, 2024",27-51-50-04-22-41,"91,221,113.40"
"Aug 13, 2024",41-56-25-01-10-24,"85,994,367.00"
"Aug 11, 2024",49-43-30-04-25-37,"81,879,780.40"
"Aug 9, 2024",10-40-07-19-34-47,"77,302, 034.00"
"Aug 6, 2024",26-49-11-37-08-50,"72,388,025.60"
"Aug 4, 2024",54-12-56-17-03-28,"68,493,966.40"
"Aug 1, 2024",10-41-51-09-14-38,"64,285,648.60"
"July 30, 2024",39-31-52-56-42-01,"60,040,125.40"
"July 28, 2024",04-25-46-33-49-28,"56,523,159.80"
"July 26, 2024",22-11-05-14-43-12,"52,695,800.40"
"July 23, 2024",05-01-56-33-11-09,"49,500,000.00"
"July 21, 2024",38-27-49-23-32-13,"49,500,000.00"
"July 19, 2024",06-32-16-47-10-05,"49,500,000.00"
"July 16, 2024",05-28-35-42-29-07,"49,500,000.00"
"July 14, 2024",19-07-58-53-44-38,"49,500,000.00"
"July 12, 2024",20-55-35-51-52-38,"49,500,000.00"
"July 9, 2024",01-31-21-32-30-43,"49,500,000.00"
"July 7, 2024",12-44-18-51-37-32,"49,500,000.00"
"July 5, 2024",19-09-52-49-16-27,"49,500,000.00"
"July 2, 2024",04-33-58-06-38-32,"49,500,000.00"
"June 30, 2024",50-41-04-05-34-47,"49,500,000.00"
"June 28, 2024",44-18-04-01-42- 58,"49,500,000.00"
"June 25, 2024",20-58-46-19-24-42,"49,500,000.00"
"June 23, 2024",53-17-51-50-01-28,"49,500,000.00"
"June 21, 2024",08-24-15-44-04-58,"150,370,791.20"
"June 18, 2024",57-02-33-27-07-29,"143,502,685.20"
"June 16, 2024",46-36-58-02-50-19,"138,242,942.80"
"June 14, 2024",13-54-48-41-10-46,"132,415,860.00"
"June 11, 2024",39-23-50-48-55-37,"126,000,000.00"
"June 9, 2024",49-32-02-03-04-34,"66,355,332.20"
"June 7, 2024",13-21-11-14-40-37,"62,071,585.00"
"June 4, 2024",02-47-04-25-21-41,"57,514,250.00"
"June 2, 2024",12-42-19-58-01-26,"53,819,666.00"
"May 31, 2024",36-08-40-47-55-17,"49,818,440.00"
"May 28, 2024",16-47-40-14-21-22,"49,500,000.00"
"May 26, 2024",56-21-44-25-49-58,"49,500,000.00"
"May 24, 2024",06-10-33-29-41-26,"49,500,000.00"
"May 21, 2024",46-05-13-40-01-29,"49,500,000.00"
"May 19, 2024",02-56-44-24-27-40,"49,500,000.00"
"May 17, 2024",16-48-44-56-46-38,"49,500,000.00"
"May 14, 2024",54-26-48-31-30-27,"49,500,000.00"
"May 12, 2024",50-56-05-44-29-53,"49,500,000.00"
"May 10, 2024",51-56-06-38-54-39,"49,500,000.00"
"May 7, 2024",35-11-09-40-55-19,"49,500,000.00"
"May 5, 2024",04-48-28-17-22-33,"49,500,000.00"
"May 3, 2024",32-30-08-03-51-06,"49,500,000.00"
"April 30, 2024",09-56-36-07-55-54,"103,439,627.60"
"April 28, 2024",46-32-52-15-20-21,"98,293,493.40"
"April 26, 2024",02-24-22-47-49-21,"93,131,368.00"
"April 22, 2024",31-07-48-15-45-47,"87,463,985.20"
"April 21, 2024",57-30-22-39-19-18,"82,971,354.80"
"April 19, 2024",14-02-33-15-27-45,"78,030,644.40"
"April 16, 2024",43-44-37-42-55-38,"73,034,813.40"
"April 14, 2024",52-03-48-42-28-02,"68,605,140.20"
"April 12, 2024",30-33-56-58-41-13,"64,186,980.20"
"April 9, 2024",28-57-34-17-35-19,"59,695,583.00"
"April 7, 2024",55-52-20-26-24-02,"56,199,949.20"
"April 5, 2024",39-52-26-43-54-32,"52,060,965.20"
"April 2, 2024",33-17-07-18-50-57,"49,500,000.00"
"March 31, 2024",?,?
"March 29, 2024",?,?
"March 26, 2024",23-26-48-01-25-31,"49,500,000.00"
"March 24, 2024",25-32-10-22-17-57,"49,500,000.00"
"March 22, 2024",13-05-47-49-08-54,"49,500,000.00"
"March 19, 2024",33-45-13-38-56-42,"49,500,000.00"
"March 17, 2024",48-30-06-37-52-14,"49,500,000.00"
"March 15, 2024",54-02-27-26-11-17,"49,500,000.00"
"March 12, 2024",21-33-02-46-34-47,"49,500,000.00"
"March 10, 2024",40-50-42-53-08-03,"49,500,000.00"
"March 8, 2024",25-29-36-31-34-03,"49,500,000.00"
"March 5, 2024",55-52-53-58-45-42,"49,500,000.00"
"March 3, 2024",56-57-24-09-30-31,"49,500,000.00"
"March 1, 2024",04-07-57-05-54-47,"175,160,965.20"
"Feb 27, 2024",09-14-37-22-13-20,"166,577,603.60"
"Feb 25, 2024",06-33-48-56-27-35,"159,479,545.60"
"Feb 23, 2024",29-55-36-58-10-50,"151,920,834.00"
"Feb 20, 2024",43-08-32-01-10-42,"144,244,941.60"
"Feb 18, 2024",55-01-20-03-58-10,"137,271,570.80"
"Feb 16, 2024",29-03-07-11-17-58,"129,732,562.40"
"Feb 13, 2024",04-14-51-56-15-29,"122,079,299.20"
"Feb 11, 2024",01-29-51-45-40-57,"115,708,499.60"
"Feb 8, 2024",11-12-15-29-25-10,"108,898,122.40"
"Feb 6, 2024",11-20-53-50-19-55,"101,741,658.80"
"Feb 4, 2024",27-50-21-08-53-32,"95,688,235.40"
"Feb 2, 2024",51-30-21-14-44-28,"89,501,573.60"
"Jan 30, 2024",36-51-01-56-04-42,"82,751,259.00"
"Jan 28, 2024",51-18-54-10-49-35,"77,715,126.20"
"Jan 26, 2024",25-33-09-50-38-06,"71,785,360.40"
"Jan 23, 2024",44-37-47-25-31-30,"65,314,313.20"
"Jan 21, 2024",01-46-33-43-24-17,"60,188,455.20"
"Jan 18, 2024",11-20-58-31-44-35,"54,185,461.00"
"Jan 16, 2024",39-45-18-26-58-05,"49,500,000.00"
"Jan 14, 2024",23-40-08-42-45-55,"49,500,000.00"
"Jan 12, 2024",06-44-20-22-37-25,"49,500,000.00"
"Jan 9, 2024",10-34-39-45-52-24,"49,500,000.00"
"Jan 7, 2024",37-28-08-18-40-38,"49,500,000.00"
"Jan 5, 2024",46-54-05-35-04-13,"49,500,000.00"
"Jan 2, 2024",58-07-40-09-56-29,"49,500,000.00"
